year,sample_val_April,sample_val_May,sample_val_June,sample_val_July,sample_val_August,sample_val_September,sample_val_October,sample_val_November,sample_count_April,sample_count_May,sample_count_June,sample_count_July,sample_count_August,sample_count_September,sample_count_October,sample_count_November,anom_val_April,anom_val_May,anom_val_June,anom_val_July,anom_val_August,anom_val_September,anom_val_October,anom_val_November,min_val_April,min_val_May,min_val_June,min_val_July,min_val_August,min_val_September,min_val_October,min_val_November,max_val_April,max_val_May,max_val_June,max_val_July,max_val_August,max_val_September,max_val_October,max_val_November,state
2013,0.25170452160887963,0.31680237189574934,0.4623670831407862,0.7821737122103121,0.8443822862759399,0.6130089244191076,0.3398867361492768,0.26002874977087015,1738452.0,2376580.0,2678998.0,2789683.0,2785648.0,2831893.0,1825013.0,1762101.0,-0.017962145057787038,-0.006947628104250647,-0.10163291685921388,-0.05832628778968796,0.0016322862759400314,0.0707589244191077,0.028220069482610133,0.002362083722430519,0.224,0.257,0.337,0.67,0.654,0.297,0.244,0.228,0.318,0.405,0.821,0.891,0.891,0.824,0.432,0.282,Iowa
2014,0.23817561208932886,0.294838274578079,0.5661065389764272,0.8343674878265948,0.8589228261704644,0.5884372578630065,0.3125700264076288,0.2642861073904264,1427937.0,2090735.0,2385878.0,2687621.0,2603240.0,2807037.0,2035018.0,988468.0,-0.03149105457733781,-0.028911725421920997,0.002106538976427097,-0.006132512173405269,0.01617282617046456,0.04618725786300659,0.000903359740962173,0.006619441341986776,0.224,0.257,0.337,0.67,0.654,0.297,0.244,0.228,0.318,0.405,0.821,0.891,0.891,0.824,0.432,0.282,Iowa
2015,0.26119363130002826,0.3282958928547923,0.5938757864780786,0.8681223782457338,0.8674729722424224,0.5605150930609529,0.31132309487887505,0.259454897107931,2033225.0,2582962.0,2799188.0,2619477.0,2867145.0,2805097.0,1686192.0,1752759.0,-0.008473035366638404,0.004545892854792344,0.029875786478078536,0.02762237824573377,0.02472297224242248,0.01826509306095303,-0.0003435717877915967,0.0017882310594913853,0.224,0.257,0.337,0.67,0.654,0.297,0.244,0.228,0.318,0.405,0.821,0.891,0.891,0.824,0.432,0.282,Iowa
2016,0.28249663407239234,0.33480825454411844,0.6025407654103516,0.8737859663043722,0.8670007862328787,0.5323209326318106,0.30485987568862966,0.2755144148092156,2618149.0,2068388.0,2839601.0,2591078.0,2833766.0,2853602.0,2618425.0,1293843.0,0.005246634072392342,0.003141587877451779,0.03854076541035156,0.033285966304372194,0.024250786232878796,-0.009929067368189326,0.005359875688629667,0.020514423155288286,0.224,0.289,0.337,0.67,0.654,0.297,0.244,0.228,0.342,0.405,0.821,0.891,0.891,0.824,0.432,0.276,Iowa
2017,0.2854702736547532,0.3186045285435522,0.5448005324917957,0.8484066419057315,0.8671545317649112,0.578369021363996,0.3455702890045777,0.2621935395497604,1959659.0,2457788.0,2858260.0,2842919.0,2749260.0,2732354.0,2110451.0,2022212.0,0.015803606988086527,-0.005145471456447781,-0.019199467508204338,0.007906641905731426,0.024404531764911308,0.03611902136399614,0.033903622337911055,0.0045268735013207495,0.224,0.257,0.337,0.67,0.654,0.297,0.244,0.228,0.318,0.405,0.821,0.891,0.891,0.824,0.432,0.282,Iowa
2018,0.2361392933539688,0.3146805446021006,0.6570060721639971,0.8571855217312649,0.8460111482898742,0.5187419988774888,0.3056854458469408,0.25753530744464,1636661.0,2716038.0,2589851.0,2719676.0,2684627.0,2476590.0,1965226.0,1320628.0,-0.03352737331269787,-0.009069455397899384,0.09300607216399703,0.01668552173126492,0.0032611482898743382,-0.023508001122511057,-0.005981220819725852,-0.00013135860379964726,0.224,0.257,0.337,0.67,0.654,0.297,0.244,0.228,0.318,0.405,0.821,0.891,0.891,0.824,0.432,0.282,Iowa
2019,0.26289608932997555,0.3246750597731165,0.48972799217282553,0.8197358304652471,0.8751681809650389,0.6911432359750099,0.36239477223961025,0.25731819280204404,2013210.0,2358920.0,2663541.0,2859921.0,2754521.0,2752444.0,1983488.0,1435991.0,-0.006770577336691119,0.0009250597731165211,-0.07427200782717452,-0.020764169534752908,0.03241818096503901,0.14889323597501003,0.050728105572943605,-0.0003484732463955864,0.224,0.257,0.337,0.67,0.654,0.297,0.244,0.228,0.318,0.405,0.821,0.891,0.891,0.824,0.432,0.282,Iowa
2020,0.2779757423542422,0.3219568607329905,0.5620815963088835,0.869512791700439,0.8052195380040403,0.47935591753564166,0.2827519534311092,0.25077492053373596,2709084.0,1352596.0,2788533.0,2854898.0,2869116.0,2678539.0,2028994.0,1038491.0,0.0007257423542422203,-0.009709805933676152,-0.0019184036911165103,0.029012791700439022,-0.03753046199595955,-0.06289408246435824,-0.016748046568890784,-0.0042250711201913815,0.224,0.289,0.337,0.67,0.654,0.297,0.244,0.228,0.342,0.405,0.821,0.891,0.891,0.824,0.432,0.276,Iowa
2021,0.2862162810258832,0.32521928487964036,0.5718732686806581,0.8643469902357218,0.8564025015878708,0.5515040292466008,0.31815430429859287,0.26430669555118,1897448.0,2100122.0,2865156.0,2730463.0,2856026.0,2806480.0,2050578.0,1641941.0,0.016549614359216536,0.0014692848796403757,0.007873268680658074,0.023846990235721788,0.013652501587870902,0.009254029246600903,0.006487637631926224,0.006640029502740397,0.224,0.257,0.337,0.67,0.654,0.297,0.244,0.228,0.318,0.405,0.821,0.891,0.891,0.824,0.432,0.282,Iowa
2022,0.24866807263950283,0.30556889447540964,0.5239107614631041,0.8567583223174088,0.8680554019679226,0.6111468374784033,0.3474647197848239,0.24103708277353073,1831235.0,2572064.0,2852456.0,2848906.0,2698785.0,2679207.0,943971.0,1104556.0,-0.020998594027163836,-0.018181105524590346,-0.040089238536895944,0.016258322317408758,0.025305401967922747,0.06889683747840336,0.03579805311815726,-0.016629583274908905,0.224,0.257,0.337,0.67,0.654,0.297,0.244,0.228,0.318,0.405,0.821,0.891,0.891,0.824,0.432,0.282,Iowa
2013,0.2365464252938588,0.2900450490188307,0.4466937612396024,0.7852244131106345,0.836316908774955,0.6296309495637005,0.34002700223897686,0.2766896056731881,397725.0,1072343.0,1288413.0,1345015.0,1413899.0,1398695.0,899518.0,884723.0,-0.0227869080394745,-0.031704950981169266,-0.09005623876039753,-0.03877558688936544,-0.002433091225045092,0.07263094956370042,0.02169366890564356,0.010022881152479457,0.207,0.248,0.327,0.635,0.709,0.299,0.243,0.218,0.306,0.428,0.775,0.885,0.89,0.832,0.455,0.326,Minnesota
2014,0.24030785959451384,0.2843874017542891,0.4882907282042443,0.782618377052945,0.8519077686167058,0.6041850053569551,0.32395850743554033,0.2731361656373264,719630.0,1105519.0,1345996.0,1349890.0,1358041.0,1407516.0,1044645.0,345043.0,-0.019025473738819465,-0.037362598245710865,-0.048459271795755654,-0.04138162294705494,0.0131577686167057,0.04718500535695502,0.005625174102207031,0.006469441116617736,0.207,0.248,0.327,0.635,0.709,0.299,0.243,0.218,0.306,0.428,0.775,0.885,0.89,0.832,0.455,0.326,Minnesota
2015,0.25294640750477015,0.31351571925260546,0.5617068268298682,0.8662201645751342,0.8668075147499823,0.5357206834042675,0.3026693722351439,0.2700289092199906,1054476.0,1386898.0,1382340.0,1395229.0,1424239.0,1395660.0,877080.0,921194.0,-0.00638692582856315,-0.008234280747394518,0.024956826829868217,0.04222016457513422,0.028057514749982193,-0.021279316595732567,-0.015663961098189405,0.003362184699281956,0.207,0.248,0.327,0.635,0.709,0.299,0.243,0.218,0.306,0.428,0.775,0.885,0.89,0.832,0.455,0.326,Minnesota
2016,0.27499275904497167,0.34905497769909094,0.5912212822045679,0.8570976817416639,0.8599749791896756,0.5554526640890298,0.30662573312545977,0.28052594327548247,1285742.0,1057356.0,1388390.0,1376982.0,1404351.0,1402318.0,1333503.0,546924.0,0.008242759044971681,0.01638831103242433,0.05447128220456798,0.03309768174166394,0.021224979189675475,-0.0015473359109702267,-0.00037426687454023,0.017025904989523943,0.207,0.268,0.327,0.635,0.709,0.299,0.239,0.218,0.334,0.428,0.775,0.885,0.89,0.832,0.455,0.326,Minnesota
2017,0.27296959880277083,0.3282062767866219,0.5057742778384372,0.8261023055685036,0.8805590720579859,0.6347409738196369,0.3540367649031625,0.2631510565376488,892728.0,1269057.0,1414088.0,1394450.0,1376336.0,1402005.0,1043604.0,776120.0,0.013636265469437525,0.006456276786621917,-0.030975722161562746,0.0021023055685036596,0.041809072057985786,0.07774097381963685,0.03570343156982919,-0.003515667983059856,0.207,0.248,0.327,0.635,0.709,0.299,0.243,0.218,0.306,0.428,0.775,0.885,0.89,0.832,0.455,0.326,Minnesota
2018,0.24014552115093982,0.3066179395757705,0.5766359137296379,0.8424730692983076,0.8489512443718624,0.5749566627624111,0.29150586463969363,0.25574184492118446,491633.0,1390568.0,1155391.0,1400799.0,1391224.0,1109900.0,972353.0,478015.0,-0.019187812182393488,-0.015132060424229488,0.0398859137296379,0.01847306929830761,0.010201244371862317,0.017956662762411035,-0.026827468693639667,-0.010924879599524207,0.207,0.248,0.327,0.635,0.709,0.299,0.243,0.218,0.306,0.428,0.775,0.885,0.89,0.832,0.455,0.326,Minnesota
2019,0.25181317147893234,0.3117542072379996,0.4466784666650302,0.7889702821280391,0.8517592080654404,0.6890276272455633,0.3831439873526955,0.265011326591682,857808.0,1219149.0,1303616.0,1384655.0,1429209.0,1375490.0,1013971.0,583141.0,-0.007520161854400964,-0.009995792762000355,-0.09007153333496976,-0.03502971787196085,0.013009208065440259,0.13202762724556327,0.0648106540193622,-0.0016553979290266918,0.207,0.248,0.327,0.635,0.709,0.299,0.243,0.218,0.306,0.428,0.775,0.885,0.89,0.832,0.455,0.326,Minnesota
2020,0.2648566442987272,0.3253434508423576,0.5510230555280122,0.8670671513169835,0.8526880732911614,0.542528180652504,0.29503191800795786,0.2581105923468622,1332413.0,853438.0,1401833.0,1421506.0,1420526.0,1339057.0,1062347.0,586008.0,-0.001893355701272803,-0.007323215824309004,0.01427305552801228,0.043067151316983576,0.013938073291161257,-0.014471819347496084,-0.011968081992042134,-0.005389445939096349,0.207,0.268,0.327,0.635,0.709,0.299,0.239,0.218,0.334,0.428,0.775,0.885,0.89,0.832,0.455,0.326,Minnesota
2021,0.2765606904810145,0.32877790049375594,0.5710180393042441,0.8490977145286918,0.8292668370105973,0.5314398467077581,0.3293212802437056,0.2896413977391574,769956.0,1279377.0,1434756.0,1406362.0,1425743.0,1423164.0,1013682.0,799348.0,0.0172273571476812,0.007027900493755956,0.03426803930424416,0.025097714528691806,-0.009483162989402771,-0.025560153292241927,0.010987946910372304,0.02297467321844876,0.207,0.248,0.327,0.635,0.709,0.299,0.243,0.218,0.306,0.428,0.775,0.885,0.89,0.832,0.455,0.326,Minnesota
2022,0.2526710254054434,0.3069526455487094,0.48149644117597395,0.8297252297273686,0.8675703418893388,0.6220502120055681,0.3365315431899062,0.24792991377705534,768418.0,1366862.0,1421256.0,1413741.0,1263479.0,1311758.0,587290.0,440486.0,-0.00666230792788991,-0.0147973544512906,-0.055253558824025995,0.005725229727368664,0.028820341889338685,0.06505021200556804,0.01819820985657289,-0.018736810743653326,0.207,0.248,0.327,0.635,0.709,0.299,0.243,0.218,0.306,0.428,0.775,0.885,0.89,0.832,0.455,0.326,Minnesota
2013,0.2353228755190925,0.2973303921513528,0.43781302059432925,0.7923918381076074,0.8306045017170446,0.5442467300871001,0.31354266793841123,0.24745175348723306,157968.0,533799.0,575304.0,621351.0,617631.0,615154.0,366950.0,400174.0,-0.03067712448090751,-0.04191960784864718,-0.06418697940567075,0.03639183810760738,0.049354501717044585,0.007246730087100195,-0.021123998728255433,-0.02754824651276691,0.219,0.251,0.323,0.626,0.56,0.297,0.242,0.225,0.328,0.456,0.736,0.853,0.859,0.807,0.482,0.324,South Dakota
2014,0.23233787628108565,0.2825732621562028,0.49147715713568135,0.7832227568471217,0.8465170688143409,0.6301360812049505,0.3354260851844304,0.27335718487934285,351167.0,560105.0,587295.0,608942.0,615860.0,591294.0,441630.0,186976.0,-0.03366212371891436,-0.056676737843797176,-0.010522842864318649,0.02722275684712172,0.06526706881434086,0.09313608120495054,0.0007594185177637325,-0.001642815120657115,0.219,0.251,0.323,0.626,0.56,0.297,0.242,0.225,0.328,0.456,0.736,0.853,0.859,0.807,0.482,0.324,South Dakota
2015,0.2498775779410826,0.3005280243447017,0.4996180535300538,0.8198484288028177,0.8342619657420157,0.5110472519456443,0.3173216108217132,0.2669804610819448,454093.0,565544.0,610274.0,622328.0,623154.0,612779.0,395649.0,416195.0,-0.016122422058917424,-0.03872197565529828,-0.0023819464699462167,0.06384842880281771,0.05301196574201572,-0.025952748054355657,-0.017345055844953494,-0.00801953891805518,0.219,0.251,0.323,0.626,0.56,0.297,0.242,0.225,0.328,0.456,0.736,0.853,0.859,0.807,0.482,0.324,South Dakota
2016,0.27843927342624386,0.3591165051310039,0.5031246396837893,0.7910613521297755,0.8092164678695342,0.567963913741016,0.3285381836085722,0.2862024400046245,592039.0,456246.0,622370.0,619408.0,621404.0,618324.0,540258.0,181639.0,0.002939273426243838,0.008116505131003926,0.0011246396837892858,0.03506135212977546,0.027966467869534162,0.030963913741016036,0.006288183608572195,0.016202440004624508,0.219,0.268,0.323,0.626,0.56,0.297,0.242,0.225,0.368,0.456,0.736,0.853,0.859,0.807,0.482,0.306,South Dakota
2017,0.28191543802747737,0.3194158256539618,0.4460201897246474,0.7273938379744204,0.8469270540623884,0.608616978772108,0.3394643183013381,0.2662770956365221,350252.0,517729.0,619424.0,615804.0,577222.0,621211.0,444962.0,314451.0,0.015915438027477358,-0.01983417434603818,-0.05597981027535259,-0.02860616202557964,0.06567705406238844,0.07161697877210804,0.00479765163467144,-0.00872290436347789,0.219,0.251,0.323,0.626,0.56,0.297,0.242,0.225,0.328,0.456,0.736,0.853,0.859,0.807,0.482,0.324,South Dakota
2018,0.23731395798502583,0.3218633406907297,0.5743420332994968,0.8142456498995514,0.812239367100286,0.5432186838409359,0.2969579657414412,0.2517532472397292,343925.0,616160.0,553642.0,623204.0,606984.0,527611.0,430958.0,213566.0,-0.028686042014974183,-0.017386659309270303,0.07234203329949684,0.05824564989955139,0.03098936710028599,0.006218683840935935,-0.03770870092522549,-0.023246752760270772,0.219,0.251,0.323,0.626,0.56,0.297,0.242,0.225,0.328,0.456,0.736,0.853,0.859,0.807,0.482,0.324,South Dakota
2019,0.24685236578555597,0.3188106358385891,0.40836143758801674,0.6915445737547972,0.7662310115331217,0.6565888647766025,0.40275629844029465,0.29608658149490424,448033.0,526879.0,605709.0,608957.0,621601.0,616099.0,415976.0,328904.0,-0.019147634214444043,-0.0204393641614109,-0.09363856241198326,-0.06445542624520284,-0.015018988466878325,0.11958886477660258,0.06808963177362798,0.021086581494904277,0.219,0.251,0.323,0.626,0.56,0.297,0.242,0.225,0.328,0.456,0.736,0.853,0.859,0.807,0.482,0.324,South Dakota
2020,0.2708483837334066,0.344036953816177,0.500350085198191,0.7927561526576168,0.7992316759894933,0.5069965502120575,0.31694275359795443,0.2599341528823668,593683.0,355146.0,617384.0,621967.0,622844.0,583804.0,402034.0,233055.0,-0.004651616266593439,-0.006963046183822985,-0.0016499148018089826,0.03675615265761678,0.017981675989493295,-0.03000344978794245,-0.005307246402045551,-0.010065847117633198,0.219,0.268,0.323,0.626,0.56,0.297,0.242,0.225,0.368,0.456,0.736,0.853,0.859,0.807,0.482,0.306,South Dakota
2021,0.26244526053600753,0.3238056645298772,0.5180083338992753,0.8055601127230098,0.7672851326149688,0.4845905854188214,0.3279771633514892,0.28648415051698795,431188.0,572510.0,618438.0,616733.0,623082.0,620718.0,447789.0,353103.0,-0.0035547394639924845,-0.015444335470122805,0.01600833389927525,0.04956011272300975,-0.013964867385031221,-0.05240941458117854,-0.006689503315177481,0.011484150516987979,0.219,0.251,0.323,0.626,0.56,0.297,0.242,0.225,0.328,0.456,0.736,0.853,0.859,0.807,0.482,0.324,South Dakota
2022,0.2482140920165845,0.31600604052770365,0.46076361051661385,0.7536203284135157,0.790336241975598,0.5137663030732501,0.32767999895158967,0.2594381627552697,414121.0,507406.0,576117.0,621229.0,614376.0,592695.0,228918.0,200866.0,-0.017785907983415505,-0.02324395947229635,-0.04123638948338615,-0.002379671586484333,0.009086241975598042,-0.023233696926749814,-0.006986667715077,-0.015561837244730259,0.219,0.251,0.323,0.626,0.56,0.297,0.242,0.225,0.328,0.456,0.736,0.853,0.859,0.807,0.482,0.324,South Dakota
2013,0.23781742565916514,0.28100455322082807,0.47317815842863414,0.7933884666063838,0.8305817511027732,0.6080347984840416,0.34423565859678823,0.25695191626058883,1182291.0,2223481.0,2314165.0,2312433.0,2344317.0,2345447.0,1340995.0,1342928.0,-0.03184924100750153,-0.03199544677917193,-0.041571841571365786,0.003888466606383867,0.0323317511027732,0.059034798484041584,0.016235658596788216,-0.010381404470470923,0.221,0.251,0.311,0.674,0.617,0.318,0.236,0.239,0.331,0.403,0.777,0.856,0.86,0.794,0.412,0.297,Nebraska
2014,0.23710700102576593,0.27568202614618514,0.5171896248561444,0.7996724257407282,0.8244923813688505,0.632983300568789,0.3505130880970098,0.2771017631088843,1297567.0,2047335.0,2291361.0,2306042.0,2353113.0,2336367.0,1671748.0,1175367.0,-0.03255966564090074,-0.037317973853814856,0.0024396248561444622,0.010172425740728186,0.026242381368850487,0.083983300568789,0.022513088097009804,0.009768442377824538,0.221,0.251,0.311,0.674,0.617,0.318,0.236,0.239,0.331,0.403,0.777,0.856,0.86,0.794,0.412,0.297,Nebraska
2015,0.25248455202124537,0.29761122623395503,0.524915905576305,0.8238207246651414,0.8354903447028162,0.5712716743738515,0.3378830317727858,0.2629731144905315,1702391.0,2011378.0,2344115.0,2359131.0,2360207.0,2250065.0,1517053.0,1462907.0,-0.017182114645421298,-0.015388773766044972,0.010165905576305034,0.03432072466514147,0.03724034470281623,0.02227167437385147,0.009883031772785766,-0.004360206240528242,0.221,0.251,0.311,0.674,0.617,0.318,0.236,0.239,0.331,0.403,0.777,0.856,0.86,0.794,0.412,0.297,Nebraska
2016,0.2718004052434003,0.314227501281822,0.48555764084846054,0.8281711260714023,0.8271450962143909,0.5820791308472164,0.3268329973208522,0.2815194422149275,2261357.0,1503719.0,2357729.0,2353341.0,2348869.0,2361380.0,2159642.0,873383.0,-0.0041995947565997005,-0.004772498718178031,-0.029192359151539393,0.03867112607140233,0.028895096214390903,0.033079130847216365,0.012082997320852162,0.018020051669600967,0.221,0.266,0.311,0.674,0.617,0.318,0.236,0.239,0.366,0.403,0.777,0.856,0.86,0.794,0.412,0.294,Nebraska
2017,0.28740634616579624,0.28976910683687196,0.47304546050986057,0.7874754651358056,0.8422582333532834,0.5981629715964045,0.34050013965008274,0.2646191821163901,1480516.0,2314538.0,2354879.0,2310508.0,2287373.0,2339739.0,1679197.0,1219709.0,0.01773967949912958,-0.02323089316312804,-0.04170453949013936,-0.002024534864194405,0.04400823335328341,0.04916297159640448,0.012500139650082731,-0.002714138614669681,0.221,0.251,0.311,0.674,0.617,0.318,0.236,0.239,0.331,0.403,0.777,0.856,0.86,0.794,0.412,0.297,Nebraska
2018,0.2418894696186006,0.30548871497832525,0.6136751498509407,0.8402411294729663,0.8336768578204751,0.5295923531356753,0.30189425381149526,0.2529524494631976,1328214.0,2298755.0,2210530.0,2360570.0,2320313.0,2316662.0,1647057.0,1323392.0,-0.027777197048066055,-0.007511285021674752,0.09892514985094081,0.05074112947296627,0.035426857820475055,-0.019407646864324724,-0.026105746188504753,-0.014380871267862139,0.221,0.251,0.311,0.674,0.617,0.318,0.236,0.239,0.331,0.403,0.777,0.856,0.86,0.794,0.412,0.297,Nebraska
2019,0.25041960347560477,0.3026938570274085,0.4469964181855661,0.8048546094119358,0.8478035354568683,0.6610057519587397,0.3521458401154224,0.26178319161922536,1608123.0,2268169.0,2347972.0,2324559.0,2311837.0,2361978.0,1557411.0,1161611.0,-0.019247063191061897,-0.010306142972591525,-0.0677535818144338,0.015354609411935782,0.04955353545686825,0.11200575195873963,0.024145840115422368,-0.00555012911183439,0.221,0.251,0.311,0.674,0.617,0.318,0.236,0.239,0.331,0.403,0.777,0.856,0.86,0.794,0.412,0.297,Nebraska
2020,0.2521772270753944,0.30163426507906355,0.47932705194746184,0.8246285853921601,0.8162275553948354,0.5462514165603208,0.3126591298006861,0.2572910271065176,2223746.0,1405641.0,2354629.0,2314182.0,2361592.0,2309291.0,1780006.0,796967.0,-0.023822772924605606,-0.01736573492093646,-0.035422948052538095,0.03512858539216013,0.017977555394835365,-0.0027485834396792086,-0.002090870199313921,-0.006208363438808928,0.221,0.266,0.311,0.674,0.617,0.318,0.236,0.239,0.366,0.403,0.777,0.856,0.86,0.794,0.412,0.294,Nebraska
2021,0.2689400108959081,0.32257457529390543,0.5396143097508559,0.8315093698727636,0.8229936084701427,0.5687992034394737,0.3398409819120745,0.2671977951009627,1444579.0,1640664.0,2314925.0,2315453.0,2343101.0,2359896.0,1472474.0,1444692.0,-0.0007266557707585886,0.00957457529390543,0.024864309750855962,0.0420093698727636,0.024743608470142675,0.01979920343947361,0.0118409819120745,-0.00013552563009705532,0.221,0.251,0.311,0.674,0.617,0.318,0.236,0.239,0.331,0.403,0.777,0.856,0.86,0.794,0.412,0.297,Nebraska
2022,0.24357836915828168,0.2931542525756277,0.4562261324468597,0.7767621544002682,0.7901884190237926,0.5596085727941454,0.3731534018827645,0.26865033834070895,1299746.0,2132684.0,2277789.0,2359413.0,2350320.0,2334968.0,817415.0,1195836.0,-0.026088297508384983,-0.019845747424372284,-0.05852386755314021,-0.01273784559973179,-0.00806158097620746,0.010608572794145399,0.04515340188276451,0.001317017609649196,0.221,0.251,0.311,0.674,0.617,0.318,0.236,0.239,0.331,0.403,0.777,0.856,0.86,0.794,0.412,0.297,Nebraska
2013,0.28153046808181137,0.39173806233601605,0.5575813644418193,0.7785675653222185,0.807226428334632,0.629616155894562,0.45775539775072066,0.3386800416073112,284117.0,542736.0,562076.0,565734.0,594241.0,596711.0,327127.0,327827.0,-0.04213619858485529,-0.034011937663983915,-0.03091863555818064,-0.020682434677781525,-0.012023571665368049,-0.010633844105437995,0.01542206441738736,-0.02165329172602215,0.256,0.317,0.423,0.66,0.725,0.398,0.325,0.283,0.405,0.601,0.791,0.863,0.864,0.823,0.578,0.418,Wisconsin
2014,0.2792088469305554,0.3659407463123146,0.5617771379787453,0.7945526786912764,0.8347741901398081,0.7045804926285815,0.43769353957904295,0.3778157633246771,362476.0,526482.0,509535.0,618343.0,577291.0,588557.0,455961.0,119759.0,-0.04445781973611124,-0.05980925368768536,-0.026722862021254623,-0.004697321308723579,0.015524190139808103,0.06433049262858148,-0.0046397937542903556,0.01748242999134375,0.256,0.317,0.423,0.66,0.725,0.398,0.325,0.283,0.405,0.601,0.791,0.863,0.864,0.823,0.578,0.418,Wisconsin
2015,0.2876711392254963,0.3921316353462125,0.6071163909774436,0.8384184693318729,0.84269286660576,0.6545362924408205,0.4232077260016967,0.35283120998301315,438526.0,592584.0,595175.0,555104.0,559327.0,620570.0,390163.0,397956.0,-0.03599552744117035,-0.03361836465378748,0.01861639097744372,0.0391684693318729,0.023442866605760004,0.01428629244082047,-0.019125607331636596,-0.007502123350320189,0.256,0.317,0.423,0.66,0.725,0.398,0.325,0.283,0.405,0.601,0.791,0.863,0.864,0.823,0.578,0.418,Wisconsin
2016,0.34197268551540183,0.4175532214550703,0.6165390243135906,0.8486267489942254,0.8536070414805684,0.619112793241134,0.41784623447927355,0.35295552022741744,570613.0,428859.0,604559.0,607492.0,592205.0,568261.0,585749.0,296899.0,0.003972685515401864,-0.023113445211596417,0.028039024313590732,0.049376748994225395,0.034357041480568395,-0.02113720675886599,-0.008653765520726442,0.001955520227417462,0.256,0.334,0.423,0.66,0.725,0.398,0.325,0.283,0.492,0.601,0.791,0.863,0.864,0.823,0.578,0.4,Wisconsin
2017,0.3258797848705483,0.4060029401193724,0.5399271609820341,0.8035972632225827,0.8415175217799572,0.6843359040478806,0.4906897697483342,0.35852720133420596,454610.0,509163.0,574033.0,621607.0,613408.0,628230.0,397869.0,331583.0,0.0022131182038816477,-0.019747059880627582,-0.04857283901796583,0.00434726322258272,0.022267521779957167,0.0440859040478806,0.048356436415000925,-0.0018061319991273805,0.256,0.317,0.423,0.66,0.725,0.398,0.325,0.283,0.405,0.601,0.791,0.863,0.864,0.823,0.578,0.418,Wisconsin
2018,0.26658070010219004,0.39347409430985425,0.6192160078291451,0.8323264559457095,0.8377478477423448,0.6018597578920519,0.4129546544191073,0.33197877261934006,249535.0,599598.0,605941.0,581907.0,536065.0,611628.0,317451.0,146556.0,-0.05708596656447662,-0.03227590569014571,0.030716007829145187,0.033076455945709515,0.018497847742344753,-0.03839024210794806,-0.02937867891422602,-0.028354560713993282,0.256,0.317,0.423,0.66,0.725,0.398,0.325,0.283,0.405,0.601,0.791,0.863,0.864,0.823,0.578,0.418,Wisconsin
2019,0.2926071880374682,0.3952161298714608,0.5187227825826931,0.7751661291995435,0.8380136751727767,0.7290462601882199,0.4940287597638144,0.36248835178622896,422118.0,507394.0,521688.0,626705.0,585148.0,498247.0,458453.0,235916.0,-0.031059478629198445,-0.030533870128539142,-0.0697772174173068,-0.024083870800456486,0.01876367517277666,0.08879626018821996,0.051695426430481084,0.0021550184528956184,0.256,0.317,0.423,0.66,0.725,0.398,0.325,0.283,0.405,0.601,0.791,0.863,0.864,0.823,0.578,0.418,Wisconsin
2020,0.31856953897623563,0.4048299951184898,0.561340738193156,0.8308258131473232,0.8302339149807149,0.6368404316032046,0.4186930007342581,0.3429296220313641,503358.0,397418.0,619323.0,566564.0,629763.0,601015.0,503910.0,230072.0,-0.019430461023764334,-0.03583667154817688,-0.027159261806843915,0.03157581314732316,0.010983914980714826,-0.003409568396795404,-0.00780699926574191,-0.008070377968635856,0.256,0.334,0.423,0.66,0.725,0.398,0.325,0.283,0.492,0.601,0.791,0.863,0.864,0.823,0.578,0.4,Wisconsin
2021,0.3647225767685311,0.4301663704264331,0.6011188016311347,0.8345946637523443,0.8464437422122011,0.6097059509441244,0.46506889253794587,0.37558938374753503,351153.0,523224.0,617239.0,605744.0,589865.0,611466.0,415328.0,291082.0,0.041055910101864435,0.004416370426433114,0.012618801631134824,0.03534466375234424,0.027193742212201055,-0.0305440490558756,0.022735559204612565,0.015256050414201694,0.256,0.317,0.423,0.66,0.725,0.398,0.325,0.283,0.405,0.601,0.791,0.863,0.864,0.823,0.578,0.418,Wisconsin
2022,0.30058958842196093,0.4045784166452607,0.5410047289207585,0.81273312446135,0.8535400200957505,0.6956434581363877,0.4664758893656908,0.36448549889510357,355777.0,486625.0,614728.0,617284.0,592165.0,611844.0,273116.0,189158.0,-0.02307707824470573,-0.021171583354739287,-0.04749527107924145,0.013483124461350027,0.03429002009575044,0.05539345813638774,0.024142556032357487,0.004152165561770227,0.256,0.317,0.423,0.66,0.725,0.398,0.325,0.283,0.405,0.601,0.791,0.863,0.864,0.823,0.578,0.418,Wisconsin
2013,0.3074127619425786,0.35241255096779817,0.5400693049140547,0.8443957550907901,0.8634964259544252,0.5888790541122423,0.3333823749621984,0.2588157173342185,1707483.0,2203352.0,2278078.0,2437932.0,2451004.0,2484946.0,1640144.0,1699194.0,0.01241276194257862,0.007662550967798165,-0.058180695085945366,0.0023957550907901526,0.035246425954425176,0.06562905411224218,0.020382374962198413,-0.012850949332448236,0.248,0.282,0.341,0.668,0.626,0.307,0.262,0.243,0.336,0.456,0.863,0.897,0.903,0.843,0.452,0.307,Illinois
2014,0.2614510996199316,0.31773156120973034,0.6627912119158386,0.8770678692911279,0.8562662402668156,0.5883682063194131,0.32264278192067003,0.2671565328875328,1675488.0,1929587.0,2219164.0,2453024.0,2259538.0,2343667.0,1826019.0,1283085.0,-0.03354890038006836,-0.02701843879026966,0.0645412119158385,0.03506786929112793,0.028016240266815595,0.06511820631941301,0.00964278192067003,-0.004510133779133896,0.248,0.282,0.341,0.668,0.626,0.307,0.262,0.243,0.336,0.456,0.863,0.897,0.903,0.843,0.452,0.307,Illinois
2015,0.28350773599464885,0.3351559252520757,0.6638098662510319,0.8530479757067773,0.8349201903399461,0.4942373562575408,0.29795573449632257,0.2730175616736502,1810433.0,2291970.0,2141624.0,2230087.0,2354314.0,2484826.0,1678892.0,1867248.0,-0.011492264005351138,-0.009594074747924286,0.06555986625103183,0.011047975706777291,0.0066701903399460916,-0.02901264374245932,-0.015044265503677434,0.001350895006983488,0.248,0.282,0.341,0.668,0.626,0.307,0.262,0.243,0.336,0.456,0.863,0.897,0.903,0.843,0.452,0.307,Illinois
2016,0.3011652827239725,0.34077576371375484,0.6472420584822399,0.8862898892422673,0.8562500318017977,0.4943906743692473,0.3132054216371392,0.29149927600879805,2464577.0,1801002.0,2487969.0,2129603.0,2224717.0,2236653.0,2270827.0,1216175.0,0.0001652827239725374,-0.01255756961957849,0.048992058482239864,0.04428988924226729,0.028000031801797665,-0.02885932563075283,0.009705421637139167,0.02149927600879803,0.248,0.3,0.341,0.668,0.626,0.307,0.245,0.243,0.357,0.456,0.863,0.897,0.903,0.843,0.452,0.307,Illinois
2017,0.3111381755325635,0.32667079123936255,0.5400041901347232,0.8577175330717295,0.8700869164643517,0.5841962856850019,0.31497810758722433,0.26968546694997714,1730357.0,2396127.0,2513523.0,2482634.0,2522468.0,2517234.0,1659342.0,1727669.0,0.016138175532563526,-0.018079208760637455,-0.05824580986527683,0.015717533071729517,0.041836916464351614,0.06094628568500182,0.0019781075872243314,-0.0019811997166895856,0.248,0.282,0.341,0.668,0.626,0.307,0.262,0.243,0.336,0.456,0.863,0.897,0.903,0.843,0.452,0.307,Illinois
2018,0.265517570339779,0.35677149858047064,0.7471979262797213,0.8873479604370857,0.8178740211729643,0.4287371332526183,0.3008197813427591,0.2662998531969194,1780216.0,2418055.0,2389329.0,2500928.0,2254101.0,2376261.0,1642022.0,1328310.0,-0.029482429660220966,0.012021498580470635,0.1489479262797212,0.04534796043708578,-0.010375978827035781,-0.0945128667473818,-0.012180218657240893,-0.005366813469747322,0.248,0.282,0.341,0.668,0.626,0.307,0.262,0.243,0.336,0.456,0.863,0.897,0.903,0.843,0.452,0.307,Illinois
2019,0.29919929939402357,0.342944375505083,0.4406068592232514,0.7566829524620193,0.8593914394539793,0.7098552559686904,0.389156103409056,0.27255199805924746,1842976.0,2107327.0,2251771.0,2488242.0,2393609.0,2470810.0,1789205.0,1211901.0,0.004199299394023581,-0.001805624494917002,-0.15764314077674868,-0.08531704753798064,0.03114143945397929,0.18660525596869026,0.07615610340905599,0.0008853313925807349,0.248,0.282,0.341,0.668,0.626,0.307,0.262,0.243,0.336,0.456,0.863,0.897,0.903,0.843,0.452,0.307,Illinois
2020,0.30802881611192645,0.3435554463204046,0.502385364893154,0.8548442614141738,0.8648944511309989,0.574956356791103,0.2959669511405283,0.26388368124360956,2288789.0,1248072.0,2412350.0,2391347.0,2539923.0,2490376.0,2025728.0,1105170.0,0.007028816111926461,-0.009777887012928754,-0.09586463510684606,0.01284426141417383,0.0366444511309989,0.051706356791102914,-0.007533048859471758,-0.00611631875639046,0.248,0.3,0.341,0.668,0.626,0.307,0.245,0.243,0.357,0.456,0.863,0.897,0.903,0.843,0.452,0.307,Illinois
2021,0.3025318406740305,0.34410144237536955,0.6123462406980976,0.8757349272722775,0.8688287586717041,0.49784241401212237,0.3298373215245927,0.2841367145023032,1692505.0,1989080.0,2467506.0,2142993.0,2464481.0,2262441.0,1580750.0,1343559.0,0.00753184067403051,-0.0006485576246304525,0.014096240698097562,0.03373492727227756,0.04057875867170402,-0.025407585987877734,0.01683732152459272,0.012470047835636489,0.248,0.282,0.341,0.668,0.626,0.307,0.262,0.243,0.336,0.456,0.863,0.897,0.903,0.843,0.452,0.307,Illinois
2022,0.3068310954289637,0.34123030232275997,0.5705472756419717,0.8669029134218218,0.8829527964739661,0.6479933268600792,0.33363855815027416,0.24500888865636894,1750894.0,2184255.0,2540727.0,2450040.0,2468269.0,2496426.0,931165.0,1529140.0,0.011831095428963712,-0.00351969767724003,-0.02770272435802834,0.024902913421821826,0.05470279647396603,0.12474332686007905,0.020638558150274156,-0.026657778010297783,0.248,0.282,0.341,0.668,0.626,0.307,0.262,0.243,0.336,0.456,0.863,0.897,0.903,0.843,0.452,0.307,Illinois
2013,0.37154289764042137,0.384349754719786,0.5129544299986829,0.7552265706452485,0.8311389490026345,0.6011216845631424,0.37366697929981246,0.284910862632705,107943.0,134540.0,159447.0,155382.0,170048.0,174336.0,120482.0,123865.0,0.0358762309737547,-0.005150245280214016,-0.08754557000131702,-0.028273429354751523,0.06688894900263453,0.0741216845631425,0.028333645966479137,-0.012755804033961649,0.265,0.292,0.336,0.567,0.53,0.342,0.284,0.248,0.39,0.505,0.828,0.881,0.871,0.738,0.438,0.345,Missouri
2014,0.27727190083589665,0.33899291152533473,0.6965861500299843,0.8503409112148077,0.8072588987633422,0.5302019201348597,0.33002242203598275,0.28099526948348996,87451.0,137124.0,146744.0,160511.0,170136.0,173217.0,122781.0,96184.0,-0.058394765830770023,-0.050507088474665285,0.09608615002998433,0.06684091121480773,0.04300889876334224,0.0032019201348597592,-0.015310911297350571,-0.016671397183176673,0.265,0.292,0.336,0.567,0.53,0.342,0.284,0.248,0.39,0.505,0.828,0.881,0.871,0.738,0.438,0.345,Missouri
2015,0.327357419777878,0.3722525847080839,0.5733415886343661,0.7571042152647308,0.7572436753452919,0.5321965417329811,0.332752903963687,0.2981216194806635,122005.0,150694.0,158161.0,158614.0,168191.0,171531.0,111916.0,126238.0,-0.008309246888788646,-0.01724741529191609,-0.027158411365633794,-0.026395784735269157,-0.007006324654708074,0.00519654173298123,-0.012580429369646318,0.00045495281399687837,0.265,0.292,0.336,0.567,0.53,0.342,0.284,0.248,0.39,0.505,0.828,0.881,0.871,0.738,0.438,0.345,Missouri
2016,0.31299220702035274,0.4145306387092211,0.6728702893664599,0.8519277624556296,0.7836934246843017,0.4722871195783792,0.34150789495904754,0.32407410814170295,164892.0,127241.0,173517.0,156636.0,163764.0,173426.0,153959.0,80450.0,-0.029507792979647285,0.016197305375887816,0.07237028936645995,0.06842776245562965,0.019443424684301713,-0.0547128804216207,0.006507894959047522,0.02957410814170297,0.265,0.328,0.336,0.567,0.53,0.342,0.263,0.248,0.419,0.505,0.828,0.881,0.871,0.738,0.438,0.335,Missouri
2017,0.35496128632633045,0.356484903054356,0.5828643804978153,0.8325061667798622,0.8399632764576694,0.5544979474118783,0.34932323033200274,0.28044646652960237,116238.0,171591.0,173478.0,175213.0,171661.0,171978.0,121746.0,114788.0,0.01929461965966378,-0.03301509694564403,-0.01763561950218462,0.04900616677986225,0.07571327645766945,0.027497947411878387,0.003989896998669418,-0.017220200137064268,0.265,0.292,0.336,0.567,0.53,0.342,0.284,0.248,0.39,0.505,0.828,0.881,0.871,0.738,0.438,0.345,Missouri
2018,0.28462538735122195,0.38673356203196496,0.724166563660729,0.8309950742875514,0.7417792617577457,0.47725316175657245,0.34403425550204736,0.3008217530138998,113592.0,164117.0,163421.0,174188.0,147052.0,162726.0,108187.0,117124.0,-0.05104127931544472,-0.0027664379680350515,0.12366656366072903,0.0474950742875514,-0.022470738242254318,-0.04974683824342746,-0.0012990778312859663,0.0031550863472331603,0.265,0.292,0.336,0.567,0.53,0.342,0.284,0.248,0.39,0.505,0.828,0.881,0.871,0.738,0.438,0.345,Missouri
2019,0.32787956365738774,0.37308582953032277,0.4051365408853412,0.6439395702912254,0.7426049374612116,0.5991700119625479,0.3708467921572467,0.2943068002891633,117614.0,154702.0,168997.0,163413.0,167576.0,173876.0,122559.0,100981.0,-0.007787103009278928,-0.016414170469677247,-0.19536345911465874,-0.13956042970877458,-0.021645062538788395,0.07217001196254802,0.02551345882391337,-0.003359866377503351,0.265,0.292,0.336,0.567,0.53,0.342,0.284,0.248,0.39,0.505,0.828,0.881,0.871,0.738,0.438,0.345,Missouri
2020,0.35068905070118667,0.3879144928966061,0.557036970438035,0.8288778774432246,0.828788382640001,0.5631957385663354,0.32035149180315553,0.2803810979024336,166860.0,101360.0,166836.0,168118.0,171106.0,166329.0,133161.0,62501.0,0.00818905070118664,-0.01041884043672714,-0.043463029561964905,0.045377877443224635,0.064538382640001,0.03619573856633551,-0.01464850819684449,-0.014118902097566388,0.265,0.328,0.336,0.567,0.53,0.342,0.263,0.248,0.419,0.505,0.828,0.881,0.871,0.738,0.438,0.335,Missouri
2021,0.3418036881655209,0.37461517294961233,0.5690163982111043,0.7993413148885806,0.8345859551589622,0.5677439334094209,0.3631111550984464,0.30243946899148005,118704.0,123562.0,165018.0,157154.0,169443.0,167351.0,123773.0,111034.0,0.006137021498854256,-0.014884827050387683,-0.03148360178889564,0.01584131488858065,0.07033595515896218,0.04074393340942095,0.017777821765113055,0.004772802324813419,0.265,0.292,0.336,0.567,0.53,0.342,0.284,0.248,0.39,0.505,0.828,0.881,0.871,0.738,0.438,0.345,Missouri
2022,0.340185681769094,0.3716427922734563,0.5902775461825329,0.813773627551496,0.8318975031110292,0.5616396306258056,0.34965583647942644,0.2578019238754325,120378.0,155257.0,172955.0,171664.0,173576.0,169909.0,52446.0,72250.0,0.004519015102427304,-0.0178572077265437,-0.010222453817467003,0.030273627551495985,0.06764750311102918,0.03463963062580566,0.004322503146093115,-0.03986474279123414,0.265,0.292,0.336,0.567,0.53,0.342,0.284,0.248,0.39,0.505,0.828,0.881,0.871,0.738,0.438,0.345,Missouri
2013,0.3409335472548775,0.36082633775455847,0.5386993702383323,0.8538166970066189,0.8505557208953208,0.5837331525963657,0.34699455288170644,0.28916814682519554,544748.0,621321.0,773626.0,691058.0,836661.0,786041.0,624734.0,571673.0,0.020600213921544153,0.005326337754558486,-0.02505062976166772,0.03156669700661885,0.026555720895320767,0.04698315259636576,0.0029945528817064693,-0.009831853174804395,0.258,0.301,0.357,0.629,0.622,0.317,0.276,0.26,0.368,0.466,0.839,0.896,0.89,0.824,0.446,0.342,Indiana
2014,0.2683275985752183,0.3208474507959965,0.5992004385918165,0.8533063190915332,0.8387829143841066,0.5836761514064677,0.3602577709809566,0.2947379294667321,563174.0,640141.0,750584.0,783562.0,697499.0,843425.0,578048.0,413507.0,-0.05200573475811504,-0.03465254920400346,0.03545043859181651,0.03105631909153317,0.014782914384106505,0.04692615140646772,0.016257770980956654,-0.0042620705332678255,0.258,0.301,0.357,0.629,0.622,0.317,0.276,0.26,0.368,0.466,0.839,0.896,0.89,0.824,0.446,0.342,Indiana
2015,0.3002840948509109,0.33630635805212716,0.5992614449976379,0.8030115034781492,0.8127919438778887,0.5213142822009881,0.3238749984459612,0.2967763834951842,576568.0,789723.0,679489.0,756293.0,831045.0,862031.0,563049.0,629077.0,-0.02004923848242246,-0.01919364194787282,0.03551144499763792,-0.019238496521850834,-0.011208056122111398,-0.015435717799011872,-0.02012500155403879,-0.0022236165048157286,0.258,0.301,0.357,0.629,0.622,0.317,0.276,0.26,0.368,0.466,0.839,0.896,0.89,0.824,0.446,0.342,Indiana
2016,0.33047801322490106,0.3467157307479536,0.5343684884923774,0.8675224644916942,0.8443812253090024,0.5507582635177052,0.35784919522266395,0.33349727368412724,861859.0,533255.0,854564.0,764117.0,676613.0,797935.0,783198.0,379083.0,0.0054780132249011015,-0.0142842692520464,-0.029381511507622582,0.0452724644916942,0.020381225309002327,0.014008263517705233,0.023849195222663933,0.036997273684127197,0.258,0.312,0.357,0.629,0.622,0.317,0.268,0.26,0.372,0.466,0.839,0.896,0.89,0.824,0.446,0.34,Indiana
2017,0.34797936206598457,0.3406534597470887,0.5098727972087402,0.833320429934767,0.8498044252825698,0.5742426942926515,0.3568787893364633,0.30500153146147124,584167.0,795694.0,858967.0,858921.0,876509.0,869423.0,519715.0,586368.0,0.027646028732651207,-0.014846540252911267,-0.05387720279125974,0.011070429934766923,0.025804425282569765,0.03749269429265156,0.012878789336463303,0.00600153146147131,0.258,0.301,0.357,0.629,0.622,0.317,0.276,0.26,0.368,0.466,0.839,0.896,0.89,0.824,0.446,0.342,Indiana
2018,0.28713844182866866,0.34255831033075124,0.7074305045854132,0.8672980036012519,0.8192097004830451,0.4545403140395807,0.34349165262087505,0.30644285355039375,569026.0,823096.0,789678.0,827490.0,828701.0,824291.0,574312.0,377775.0,-0.0331948915046647,-0.012941689669248746,0.14368050458541326,0.04504800360125183,-0.004790299516954977,-0.08220968596041928,-0.0005083473791249182,0.007442853550393813,0.258,0.301,0.357,0.629,0.622,0.317,0.276,0.26,0.368,0.466,0.839,0.896,0.89,0.824,0.446,0.342,Indiana
2019,0.33830720218788424,0.3889819184522195,0.4431119698159977,0.7345588393387148,0.8447462200743274,0.6605736573227167,0.3942584885436039,0.29365147624306454,579921.0,641538.0,729393.0,855788.0,743467.0,864802.0,545765.0,300628.0,0.01797386885455088,0.03348191845221954,-0.12063803018400227,-0.08769116066128524,0.02074622007432736,0.12382365732271672,0.05025848854360393,-0.005348523756935397,0.258,0.301,0.357,0.629,0.622,0.317,0.276,0.26,0.368,0.466,0.839,0.896,0.89,0.824,0.446,0.342,Indiana
2020,0.3294224528155589,0.3647538454598764,0.5245698159473945,0.8500001450213205,0.8546819016368746,0.567539381076302,0.32194336100611365,0.28700589898811363,748022.0,465549.0,835196.0,820569.0,849668.0,858458.0,687318.0,362096.0,0.004422452815558919,0.0037538454598763926,-0.03918018405260548,0.02775014502132045,0.030681901636874565,0.030789381076302025,-0.01205663899388637,-0.009494101011886413,0.258,0.312,0.357,0.629,0.622,0.317,0.268,0.26,0.372,0.466,0.839,0.896,0.89,0.824,0.446,0.34,Indiana
2021,0.33915373688830885,0.35159274302482646,0.6044760587687511,0.8614071659199393,0.8547870747150076,0.48759580912440126,0.3666042911194897,0.319829980935997,554753.0,644070.0,790352.0,751055.0,816864.0,824076.0,601801.0,483634.0,0.018820403554975496,-0.003907256975173523,0.04072605876875113,0.03915716591993923,0.030787074715007523,-0.04915419087559869,0.02260429111948975,0.020829980935997083,0.258,0.301,0.357,0.629,0.622,0.317,0.276,0.26,0.368,0.466,0.839,0.896,0.89,0.824,0.446,0.342,Indiana
2022,0.34080051274514606,0.36458723632627155,0.5167736199034778,0.8245426183017661,0.8637641877202189,0.6680442204552047,0.3604629959738144,0.2729714788248185,612390.0,763965.0,878761.0,849459.0,800340.0,851529.0,325370.0,450858.0,0.020467179411812697,0.009087236326271564,-0.04697638009652216,0.0022926183017660806,0.039764187720218835,0.13129422045520478,0.016462995973814454,-0.02602852117518145,0.258,0.301,0.357,0.629,0.622,0.317,0.276,0.26,0.368,0.466,0.839,0.896,0.89,0.824,0.446,0.342,Indiana
2013,0.32047967700249175,0.3525877865324391,0.5235016916907794,0.864381846098266,0.8506625960834554,0.5623944630377007,0.3505935469456908,0.3073603411270436,140063.0,139862.0,175564.0,166080.0,218560.0,203180.0,161133.0,87592.0,-0.004186989664174967,-0.012412213467560884,-0.008498308309220604,0.07138184609826592,0.02766259608345545,0.0043944630377007465,-0.011406453054309262,-0.008639658872956368,0.264,0.297,0.336,0.57,0.682,0.354,0.29,0.258,0.387,0.465,0.779,0.875,0.884,0.823,0.445,0.35,Ohio
2014,0.27352149076207694,0.3200863596655435,0.506652554884371,0.8252902276726792,0.8484119995087201,0.6219109157374061,0.366597082398885,0.30523467097585055,144946.0,168273.0,177464.0,181840.0,211692.0,184376.0,141349.0,89112.0,-0.05114517590458978,-0.044913640334456495,-0.02534744511562903,0.032290227672679195,0.025411999508720196,0.06391091573740615,0.004597082398884955,-0.010765329024149395,0.264,0.297,0.336,0.57,0.682,0.354,0.29,0.258,0.387,0.465,0.779,0.875,0.884,0.823,0.445,0.35,Ohio
2015,0.2908227179357815,0.3257709191997252,0.6120123221092553,0.8133974080777115,0.8175551171688187,0.5187254226600232,0.32331590708222857,0.29846021380479343,138745.0,186336.0,154519.0,216596.0,217464.0,209329.0,119934.0,148079.0,-0.0338439487308852,-0.03922908080027482,0.08001232210925524,0.02039740807771151,-0.005444882831181275,-0.039274577339976746,-0.03868409291777147,-0.01753978619520652,0.264,0.297,0.336,0.57,0.682,0.354,0.29,0.258,0.387,0.465,0.779,0.875,0.884,0.823,0.445,0.35,Ohio
2016,0.31955845602479654,0.33305256308927905,0.48531566188917735,0.8355330036059395,0.8418601463309661,0.588208075407991,0.36047616717235986,0.32761610250773227,206480.0,125259.0,221525.0,183586.0,185880.0,227456.0,204340.0,92793.0,-0.011691543975203444,-0.03661410357738765,-0.046684338110822676,0.04253300360593948,0.01886014633096611,0.030208075407991086,0.0087261671723598,0.014116102507732209,0.264,0.303,0.336,0.57,0.682,0.354,0.282,0.258,0.41,0.465,0.779,0.875,0.884,0.823,0.445,0.345,Ohio
2017,0.3467068587032178,0.33832127143662205,0.4863444802812006,0.8166122829485103,0.8528608049663541,0.5773968626315281,0.3734581126715873,0.3251817806043641,149416.0,193419.0,207112.0,212392.0,212953.0,207180.0,132367.0,137897.0,0.02204019203655111,-0.02667872856337794,-0.04565551971879944,0.023612282948510255,0.029860804966354126,0.019396862631528178,0.01145811267158725,0.009181780604364143,0.264,0.297,0.336,0.57,0.682,0.354,0.29,0.258,0.387,0.465,0.779,0.875,0.884,0.823,0.445,0.35,Ohio
2018,0.2946458949075406,0.34329467962948795,0.6550799018330292,0.8391340766956906,0.8473932808690613,0.49504943669827106,0.3704077821288715,0.32430992979822504,152932.0,195945.0,184176.0,198916.0,208777.0,179300.0,140450.0,113245.0,-0.030020771759126097,-0.021705320370512038,0.12307990183302919,0.046134076695690585,0.02439328086906134,-0.06295056330172888,0.008407782128871444,0.00830992979822509,0.264,0.297,0.336,0.57,0.682,0.354,0.29,0.258,0.387,0.465,0.779,0.875,0.884,0.823,0.445,0.35,Ohio
2019,0.3373082613814756,0.3985557674825857,0.4362114825133273,0.6742587793418511,0.8113180887339045,0.6313402485891979,0.3915817646656171,0.31550349884526563,101920.0,179307.0,178393.0,215392.0,207046.0,222214.0,131481.0,86600.0,0.012641594714808913,0.03355576748258571,-0.09578851748667272,-0.11874122065814896,-0.011681911266095413,0.07334024858919796,0.029581764665617072,-0.000496501154734319,0.264,0.297,0.336,0.57,0.682,0.354,0.29,0.258,0.387,0.465,0.779,0.875,0.884,0.823,0.445,0.35,Ohio
2020,0.366196522354885,0.3818069995862099,0.4581072623097243,0.7904656140834712,0.8451845477731645,0.6199072408724471,0.3684309210008758,0.31148665517038665,203356.0,91834.0,210484.0,217560.0,222311.0,219062.0,190673.0,102062.0,0.03494652235488499,0.012140332919543195,-0.07389273769027571,-0.0025343859165288807,0.022184547773164587,0.061907240872447145,0.01668092100087576,-0.002013344829613406,0.264,0.303,0.336,0.57,0.682,0.354,0.282,0.258,0.41,0.465,0.779,0.875,0.884,0.823,0.445,0.345,Ohio
2021,0.3694161483537974,0.36469291934227066,0.5507696436227079,0.8442996613096369,0.8527106914190358,0.5466515804374548,0.38081341223448345,0.33761433413918035,130391.0,175817.0,184271.0,194573.0,201947.0,225349.0,138739.0,154289.0,0.044749481687130666,-0.0003070806577293306,0.018769643622707832,0.05129966130963681,0.029710691419035817,-0.011348419562545176,0.018813412234483406,0.021614334139180402,0.264,0.297,0.336,0.57,0.682,0.354,0.29,0.258,0.387,0.465,0.779,0.875,0.884,0.823,0.445,0.35,Ohio
2022,0.3575641551418554,0.3757087697174369,0.4629234375977759,0.7982190682379263,0.8608074670995419,0.6855779273765811,0.4239805540214517,0.29010620033991014,154594.0,187144.0,223726.0,207392.0,206988.0,205884.0,68806.0,115913.0,0.032897488475188696,0.010708769717436895,-0.06907656240222415,0.005219068237926283,0.03780746709954197,0.12757792737658114,0.06198055402145164,-0.02589379966008981,0.264,0.297,0.336,0.57,0.682,0.354,0.29,0.258,0.387,0.465,0.779,0.875,0.884,0.823,0.445,0.35,Ohio
2013,0.2881751978669022,0.3033585622951844,0.45219183731603774,0.684383411490488,0.7265479624180736,0.48822134987120835,0.31323134491208615,0.27313224582861245,307909.0,447964.0,470409.0,468927.0,475122.0,477127.0,279535.0,284198.0,-0.024491468799764438,-0.038141437704815595,-0.039808162683962256,-0.012366588509511889,0.03679796241807365,0.014721349871208378,-0.0021019884212471474,-0.01286775417138758,0.258,0.275,0.336,0.611,0.504,0.285,0.253,0.249,0.394,0.437,0.732,0.786,0.797,0.68,0.386,0.326,Kansas
2014,0.2819635213927354,0.30352540307003717,0.49816017933518586,0.7092019782890269,0.7051892890236181,0.5217894726857277,0.3283177557102023,0.2951582598700752,302369.0,450418.0,445869.0,474046.0,477006.0,474404.0,345303.0,292323.0,-0.030703145273931254,-0.0379745969299628,0.006160179335185867,0.012451978289027,0.01543928902361813,0.04828947268572775,0.012984422376868976,0.00915825987007518,0.258,0.275,0.336,0.611,0.504,0.285,0.253,0.249,0.394,0.437,0.732,0.786,0.797,0.68,0.386,0.326,Kansas
2015,0.30255446193074487,0.3470790775153958,0.47549643042892176,0.7146152982090954,0.7227448098786514,0.4929146957569293,0.31062760169194287,0.2760588906722598,341982.0,443628.0,471065.0,472722.0,477879.0,420026.0,333581.0,312766.0,-0.010112204735921781,0.005579077515395825,-0.016503569571078236,0.017865298209095548,0.03299480987865144,0.019414695756929334,-0.0047057316413904315,-0.009941109327740227,0.258,0.275,0.336,0.611,0.504,0.285,0.253,0.249,0.394,0.437,0.732,0.786,0.797,0.68,0.386,0.326,Kansas
2016,0.2953256739629958,0.3319526102028303,0.4911540479295695,0.7542034208841832,0.7399051652339936,0.4915298085168389,0.3130106232025582,0.30946198309311984,460003.0,329438.0,476157.0,476485.0,459863.0,476961.0,447511.0,212103.0,-0.022424326037004172,-0.012380723130503035,-0.0008459520704304779,0.05745342088418337,0.05015516523399366,0.01802980851683894,0.004510623202558184,0.024461983093119866,0.258,0.28,0.336,0.611,0.504,0.285,0.253,0.249,0.414,0.437,0.732,0.786,0.797,0.68,0.386,0.325,Kansas
2017,0.3123310369440391,0.3184869327933216,0.43628542367164524,0.701320536919633,0.7600457981353801,0.53979661954253,0.3428162437484155,0.2775205390445407,313826.0,476039.0,474365.0,468152.0,463687.0,464730.0,347112.0,243171.0,-0.00033562972262757285,-0.023013067206678395,-0.05571457632835475,0.004570536919633161,0.07029579813538012,0.06629661954253002,0.027482910415082218,-0.008479460955459317,0.258,0.275,0.336,0.611,0.504,0.285,0.253,0.249,0.394,0.437,0.732,0.786,0.797,0.68,0.386,0.326,Kansas
2018,0.2618291905351334,0.32330592955901105,0.5531975546325637,0.7295201273719673,0.7137485822630599,0.4751841085806694,0.29621894310800284,0.26838422513513155,277912.0,464048.0,475266.0,476714.0,466236.0,470581.0,341454.0,301188.0,-0.05083747613153322,-0.01819407044098892,0.06119755463256371,0.032770127371967384,0.023998582263059953,0.001684108580669419,-0.019114390225330458,-0.017615774864868483,0.258,0.275,0.336,0.611,0.504,0.285,0.253,0.249,0.394,0.437,0.732,0.786,0.797,0.68,0.386,0.326,Kansas
2019,0.30708198932046465,0.34699464815497083,0.44466773618689237,0.7020111534373342,0.754311998353134,0.5537713548813548,0.3211371897718726,0.2653225109713987,330726.0,464139.0,472486.0,476983.0,471198.0,478064.0,335076.0,218067.0,-0.005584677346201994,0.00549464815497086,-0.04733226381310762,0.005261153437334354,0.06456199835313403,0.08027135488135478,0.005803856438539312,-0.020677489028601337,0.258,0.275,0.336,0.611,0.504,0.285,0.253,0.249,0.394,0.437,0.732,0.786,0.797,0.68,0.386,0.326,Kansas
2020,0.28287766334378167,0.3157775911378834,0.45257067422377834,0.7470604003716025,0.7404003020293777,0.4954180052697326,0.30793540282140736,0.2841326777865435,460042.0,342311.0,474961.0,467166.0,477437.0,476305.0,380094.0,177460.0,-0.034872336656218306,-0.02855574219544993,-0.03942932577622166,0.050310400371602615,0.0506503020293777,0.021918005269732643,-0.0005645971785926407,-0.0008673222134564784,0.258,0.28,0.336,0.611,0.504,0.285,0.253,0.249,0.414,0.437,0.732,0.786,0.797,0.68,0.386,0.325,Kansas
2021,0.318667141708174,0.3415357317254411,0.49453676794772433,0.7400978129937746,0.7233817885677999,0.48427955570241843,0.32242324931791605,0.2861838929505806,283484.0,376808.0,430946.0,474027.0,473977.0,478148.0,307880.0,290109.0,0.006000475041507358,3.57317254411349e-05,0.0025367679477243388,0.04334781299377477,0.033631788567799914,0.010779555702418453,0.007089915984582751,0.00018389295058057753,0.258,0.275,0.336,0.611,0.504,0.285,0.253,0.249,0.394,0.437,0.732,0.786,0.797,0.68,0.386,0.326,Kansas
2022,0.28425709016717754,0.3107083309887504,0.4453672666095293,0.6607483284463642,0.6692455842782506,0.4625883853349724,0.3324317136964942,0.28142010470558165,290649.0,462058.0,472545.0,475755.0,477555.0,477517.0,198810.0,226922.0,-0.02840957649948911,-0.03079166901124958,-0.04663273339047069,-0.03600167155363565,-0.020504415721749325,-0.010911614665027602,0.017098380363160914,-0.004579895294418379,0.258,0.275,0.336,0.611,0.504,0.285,0.253,0.249,0.394,0.437,0.732,0.786,0.797,0.68,0.386,0.326,Kansas
